
INSERT INTO users (id, username, password, first_name, last_name_1, last_name_2, email, phone, authority) VALUES (1, 'admin1', '$2a$12$4fnrlDgI.2x/loBfQU1x/.rgqtZzeadcc7IuQXhPQ3AhldZoz4yhe', 'Admin', 'Doe', 'Smith', 'admin.doe@example.com', '123456789', 'ADMIN');
INSERT INTO users (id, username, password, first_name, last_name_1, last_name_2, email, phone, authority) VALUES (2, 'user1', '$2a$12$LMDEs/diT2q1mZlfrix49ulvNYZdI0KvV/LR9yh.oux5xLjOsNJZi', 'John', 'Doe', 'Smith', 'john.doe@example.com', '123456789', 'CUSTOMER');
INSERT INTO users (id, username, password, first_name, last_name_1, last_name_2, email, phone, authority) VALUES (3, 'john_doe3', 'password', 'John', 'Doe', '', 'john3@example.com', '123456789', 'CUSTOMER');
INSERT INTO users (id, username, password, first_name, last_name_1, last_name_2, email, phone, authority) VALUES (4, 'john_doe4', 'password', 'John', 'Doe', '', 'john4@example.com', '123456789', 'CUSTOMER');
INSERT INTO users (id, username, password, first_name, last_name_1, last_name_2, email, phone, authority) VALUES (5, 'john_doe5', 'password', 'John', 'Doe', '', 'john5@example.com', '123456789', 'CUSTOMER');
INSERT INTO users (id, username, password, first_name, last_name_1, last_name_2, email, phone, authority) VALUES (6, 'john_doe6', 'password', 'John', 'Doe', '', 'john6@example.com', '123456789', 'CUSTOMER');
INSERT INTO users (id, username, password, first_name, last_name_1, last_name_2, email, phone, authority) VALUES (7, 'john_doe7', 'password', 'John', 'Doe', '', 'john7@example.com', '123456789', 'CUSTOMER');
INSERT INTO users (id, username, password, first_name, last_name_1, last_name_2, email, phone, authority) VALUES (8, 'john_doe8', 'password', 'John', 'Doe', '', 'john8@example.com', '123456789', 'CUSTOMER');
INSERT INTO users (id, username, password, first_name, last_name_1, last_name_2, email, phone, authority) VALUES (9, 'john_doe9', 'password', 'John', 'Doe', '', 'john9@example.com', '123456789', 'CUSTOMER');
INSERT INTO users (id, username, password, first_name, last_name_1, last_name_2, email, phone, authority) VALUES (10, 'john_doe10', 'password', 'John', 'Doe', '', 'john10@example.com', '123456789', 'CUSTOMER');
INSERT INTO users (id, username, password, first_name, last_name_1, last_name_2, email, phone, authority) VALUES (11, 'john_doe11', 'password', 'John', 'Doe', '', 'john11@example.com', '123456789', 'CUSTOMER');
INSERT INTO users (id, username, password, first_name, last_name_1, last_name_2, email, phone, authority) VALUES (12, 'john_doe12', 'password', 'John', 'Doe', '', 'john12@example.com', '123456789', 'CUSTOMER');
INSERT INTO users (id, username, password, first_name, last_name_1, last_name_2, email, phone, authority) VALUES (13, 'john_doe13', 'password', 'John', 'Doe', '', 'john13@example.com', '123456789', 'CUSTOMER');
INSERT INTO users (id, username, password, first_name, last_name_1, last_name_2, email, phone, authority) VALUES (14, 'john_doe14', 'password', 'John', 'Doe', '', 'john14@example.com', '123456789', 'CUSTOMER');
INSERT INTO users (id, username, password, first_name, last_name_1, last_name_2, email, phone, authority) VALUES (15, 'john_doe15', 'password', 'John', 'Doe', '', 'john15@example.com', '123456789', 'CUSTOMER');
INSERT INTO users (id, username, password, first_name, last_name_1, last_name_2, email, phone, authority) VALUES (16, 'john_doe16', 'password', 'John', 'Doe', '', 'john16@example.com', '123456789', 'CUSTOMER');
INSERT INTO users (id, username, password, first_name, last_name_1, last_name_2, email, phone, authority) VALUES (17, 'john_doe17', 'password', 'John', 'Doe', '', 'john17@example.com', '123456789', 'CUSTOMER');
INSERT INTO users (id, username, password, first_name, last_name_1, last_name_2, email, phone, authority) VALUES (18, 'john_doe18', 'password', 'John', 'Doe', '', 'john18@example.com', '123456789', 'CUSTOMER');
INSERT INTO users (id, username, password, first_name, last_name_1, last_name_2, email, phone, authority) VALUES (19, 'john_doe19', 'password', 'John', 'Doe', '', 'john19@example.com', '123456789', 'CUSTOMER');
INSERT INTO users (id, username, password, first_name, last_name_1, last_name_2, email, phone, authority) VALUES (20, 'john_doe20', 'password', 'John', 'Doe', '', 'john20@example.com', '123456789', 'CUSTOMER');
INSERT INTO users (id, username, password, first_name, last_name_1, last_name_2, email, phone, authority) VALUES (21, 'john_doe21', 'password', 'John', 'Doe', '', 'john21@example.com', '123456789', 'CUSTOMER');
INSERT INTO users (id, username, password, first_name, last_name_1, last_name_2, email, phone, authority) VALUES (22, 'john_doe22', 'password', 'John', 'Doe', '', 'john22@example.com', '123456789', 'CUSTOMER');
INSERT INTO users (id, username, password, first_name, last_name_1, last_name_2, email, phone, authority) VALUES (23, 'john_doe23', 'password', 'John', 'Doe', '', 'john23@example.com', '123456789', 'CUSTOMER');
INSERT INTO users (id, username, password, first_name, last_name_1, last_name_2, email, phone, authority) VALUES (24, 'john_doe24', 'password', 'John', 'Doe', '', 'john24@example.com', '123456789', 'CUSTOMER');
INSERT INTO users (id, username, password, first_name, last_name_1, last_name_2, email, phone, authority) VALUES (25, 'john_doe25', 'password', 'John', 'Doe', '', 'john25@example.com', '123456789', 'CUSTOMER');
INSERT INTO users (id, username, password, first_name, last_name_1, last_name_2, email, phone, authority) VALUES (26, 'john_doe26', 'password', 'John', 'Doe', '', 'john26@example.com', '123456789', 'CUSTOMER');
INSERT INTO users (id, username, password, first_name, last_name_1, last_name_2, email, phone, authority) VALUES (27, 'john_doe27', 'password', 'John', 'Doe', '', 'john27@example.com', '123456789', 'CUSTOMER');
INSERT INTO users (id, username, password, first_name, last_name_1, last_name_2, email, phone, authority) VALUES (28, 'john_doe28', 'password', 'John', 'Doe', '', 'john28@example.com', '123456789', 'CUSTOMER');


-- ======= BRANDS =======
INSERT INTO brands (id, name, image) VALUES (1, 'Apple', 'apple.png');
INSERT INTO brands (id, name, image) VALUES (2, 'Samsung', 'samsung.png');

-- ======= DEVICE TYPES =======
INSERT INTO device_types (id, name) VALUES (1, 'Smartphone');
INSERT INTO device_types (id, name) VALUES (2, 'Tablet');
INSERT INTO device_types (id, name) VALUES (3, 'Laptop');
INSERT INTO device_types (id, name) VALUES (4, 'Smartwatch');
INSERT INTO device_types (id, name) VALUES (5, 'Desktop');
INSERT INTO device_types (id, name) VALUES (6, 'Game Console');

-- ======= MODELS =======
INSERT INTO models (id, name, brand_id, device_type_id) VALUES (1, 'iPhone 13', 1, 1);
INSERT INTO models (id, name, brand_id, device_type_id) VALUES (2, 'Galaxy S21', 2, 1);
INSERT INTO models (id, name, brand_id, device_type_id) VALUES (3, 'iPad Pro', 1, 2);

-- ======= REPAIR TYPES =======
INSERT INTO repair_types (id, name, description) VALUES (1, 'Screen Replacement', 'Replace cracked or broken screen');
INSERT INTO repair_types (id, name, description) VALUES (2, 'Battery Replacement', 'Replace degraded battery');

-- ======= REPAIRS =======
INSERT INTO repairs (id, model_id, price, repair_type_id) VALUES (1, 1, 129.99, 1);
INSERT INTO repairs (id, model_id, price, repair_type_id) VALUES (2, 2, 89.99, 2);
INSERT INTO repairs (id, model_id, price, repair_type_id) VALUES (3, 2, 99.99, 1);

-- ======= ORDER STATUS =======
INSERT INTO status (id, status) VALUES (1, 'PENDING');
INSERT INTO status (id, status) VALUES (2, 'COLLECTING');
INSERT INTO status (id, status) VALUES (3, 'BEING_REPAIRED');
INSERT INTO status (id, status) VALUES (4, 'DELIVERING');
INSERT INTO status (id, status) VALUES (5, 'COMPLETED');
INSERT INTO status (id, status) VALUES (6, 'CANCELLED');

-- ======= ORDERS =======
INSERT INTO orders (id, order_number, status, user_id)
VALUES (1, '550e8400-e29b-41d4-a716-446655440000', 1, 1);

INSERT INTO orders (id, order_number, status, user_id)
VALUES (2, '550e8400-e29b-41d4-a716-446655440001', 5, 2);

-- ======= ORDER_REPAIRS =======
INSERT INTO order_repairs (order_id, repair_id) VALUES (1, 1);
INSERT INTO order_repairs (order_id, repair_id) VALUES (1, 2);
INSERT INTO order_repairs (order_id, repair_id) VALUES (2, 3);

-- ======= DELIVERY INFO (if needed later) =======
-- INSERT INTO delivery_info (id, address, city, country, postal_code)
-- VALUES (1, '123 Main St', 'New York', 'USA', '10001');
