
INSERT INTO users (id, username, password, first_name, last_name, email, phone, authority, active) VALUES (1, 'admin1', '$2a$12$4fnrlDgI.2x/loBfQU1x/.rgqtZzeadcc7IuQXhPQ3AhldZoz4yhe', 'Admin', 'Doe', 'admin.doe@example.com', '123456789', 'ADMIN', true);
INSERT INTO users (id, username, password, first_name, last_name, email, phone, authority, active) VALUES (2, 'user1', '$2a$12$LMDEs/diT2q1mZlfrix49ulvNYZdI0KvV/LR9yh.oux5xLjOsNJZi', 'John', 'Doe', 'john.doe@example.com', '123456789', 'CUSTOMER', true);
INSERT INTO users (id, username, password, first_name, last_name, email, phone, authority, active) VALUES (3, 'john_doe3', 'password', 'John', 'Doe', 'john3@example.com', '123456789', 'CUSTOMER', true);
INSERT INTO users (id, username, password, first_name, last_name, email, phone, authority, active) VALUES (4, 'john_doe4', 'password', 'John', 'Doe', 'john4@example.com', '123456789', 'CUSTOMER', true);
INSERT INTO users (id, username, password, first_name, last_name, email, phone, authority, active) VALUES (5, 'john_doe5', 'password', 'John', 'Doe', 'john5@example.com', '123456789', 'CUSTOMER', true);
INSERT INTO users (id, username, password, first_name, last_name, email, phone, authority, active) VALUES (6, 'john_doe6', 'password', 'John', 'Doe', 'john6@example.com', '123456789', 'CUSTOMER', true);
INSERT INTO users (id, username, password, first_name, last_name, email, phone, authority, active) VALUES (7, 'john_doe7', 'password', 'John', 'Doe', 'john7@example.com', '123456789', 'CUSTOMER', true);
INSERT INTO users (id, username, password, first_name, last_name, email, phone, authority, active) VALUES (8, 'john_doe8', 'password', 'John', 'Doe', 'john8@example.com', '123456789', 'CUSTOMER', true);
INSERT INTO users (id, username, password, first_name, last_name, email, phone, authority, active) VALUES (9, 'john_doe9', 'password', 'John', 'Doe', 'john9@example.com', '123456789', 'CUSTOMER', true);
INSERT INTO users (id, username, password, first_name, last_name, email, phone, authority, active) VALUES (10, 'john_doe10', 'password', 'John', 'Doe', 'john10@example.com', '123456789', 'CUSTOMER', true);
INSERT INTO users (id, username, password, first_name, last_name, email, phone, authority, active) VALUES (11, 'john_doe11', 'password', 'John', 'Doe', 'john11@example.com', '123456789', 'CUSTOMER', true);
INSERT INTO users (id, username, password, first_name, last_name, email, phone, authority, active) VALUES (12, 'john_doe12', 'password', 'John', 'Doe', 'john12@example.com', '123456789', 'CUSTOMER', true);
INSERT INTO users (id, username, password, first_name, last_name, email, phone, authority, active) VALUES (13, 'john_doe13', 'password', 'John', 'Doe', 'john13@example.com', '123456789', 'CUSTOMER', true);
INSERT INTO users (id, username, password, first_name, last_name, email, phone, authority, active) VALUES (14, 'john_doe14', 'password', 'John', 'Doe', 'john14@example.com', '123456789', 'CUSTOMER', true);
INSERT INTO users (id, username, password, first_name, last_name, email, phone, authority, active) VALUES (15, 'john_doe15', 'password', 'John', 'Doe', 'john15@example.com', '123456789', 'CUSTOMER', true);
INSERT INTO users (id, username, password, first_name, last_name, email, phone, authority, active) VALUES (16, 'john_doe16', 'password', 'John', 'Doe', 'john16@example.com', '123456789', 'CUSTOMER', true);
INSERT INTO users (id, username, password, first_name, last_name, email, phone, authority, active) VALUES (17, 'john_doe17', 'password', 'John', 'Doe', 'john17@example.com', '123456789', 'CUSTOMER', true);
INSERT INTO users (id, username, password, first_name, last_name, email, phone, authority, active) VALUES (18, 'john_doe18', 'password', 'John', 'Doe', 'john18@example.com', '123456789', 'CUSTOMER', true);
INSERT INTO users (id, username, password, first_name, last_name, email, phone, authority, active) VALUES (19, 'john_doe19', 'password', 'John', 'Doe', 'john19@example.com', '123456789', 'CUSTOMER', true);
INSERT INTO users (id, username, password, first_name, last_name, email, phone, authority, active) VALUES (20, 'john_doe20', 'password', 'John', 'Doe', 'john20@example.com', '123456789', 'CUSTOMER', true);
INSERT INTO users (id, username, password, first_name, last_name, email, phone, authority, active) VALUES (21, 'john_doe21', 'password', 'John', 'Doe', 'john21@example.com', '123456789', 'CUSTOMER', true);
INSERT INTO users (id, username, password, first_name, last_name, email, phone, authority, active) VALUES (22, 'john_doe22', 'password', 'John', 'Doe', 'john22@example.com', '123456789', 'CUSTOMER', true);
INSERT INTO users (id, username, password, first_name, last_name, email, phone, authority, active) VALUES (23, 'john_doe23', 'password', 'John', 'Doe', 'john23@example.com', '123456789', 'CUSTOMER', true);
INSERT INTO users (id, username, password, first_name, last_name, email, phone, authority, active) VALUES (24, 'john_doe24', 'password', 'John', 'Doe', 'john24@example.com', '123456789', 'CUSTOMER', true);
INSERT INTO users (id, username, password, first_name, last_name, email, phone, authority, active) VALUES (25, 'john_doe25', 'password', 'John', 'Doe', 'john25@example.com', '123456789', 'CUSTOMER', true);
INSERT INTO users (id, username, password, first_name, last_name, email, phone, authority, active) VALUES (26, 'john_doe26', 'password', 'John', 'Doe', 'john26@example.com', '123456789', 'CUSTOMER', true);
INSERT INTO users (id, username, password, first_name, last_name, email, phone, authority, active) VALUES (27, 'john_doe27', 'password', 'John', 'Doe', 'john27@example.com', '123456789', 'CUSTOMER', true);
INSERT INTO users (id, username, password, first_name, last_name, email, phone, authority, active) VALUES (28, 'john_doe28', 'password', 'John', 'Doe', 'john28@example.com', '123456789', 'CUSTOMER', true);


-- ======= BRANDS =======
INSERT INTO brands (id, name, image, active) VALUES (1, 'Apple', '/images/brands/apple.svg', true);
INSERT INTO brands (id, name, image, active) VALUES (2, 'Samsung', '/images/brands/samsung.svg', true);
INSERT INTO brands (id, name, image, active) VALUES (3, 'Huawei', '/images/brands/huawei.svg', true);
INSERT INTO brands (id, name, image, active) VALUES (4, 'BQ', '/images/brands/bq.png', true);
INSERT INTO brands (id, name, image, active) VALUES (5, 'Google', '/images/brands/google.svg', true);
INSERT INTO brands (id, name, image, active) VALUES (6, 'HTC', '/images/brands/htc.png', true);
INSERT INTO brands (id, name, image, active) VALUES (7, 'LG', '/images/brands/lg.svg', true);
INSERT INTO brands (id, name, image, active) VALUES (8, 'Motorola', '/images/brands/motorola.svg', true);
INSERT INTO brands (id, name, image, active) VALUES (9, 'Nokia', '/images/brands/nokia.svg', true);
INSERT INTO brands (id, name, image, active) VALUES (10, 'OnePlus', '/images/brands/oneplus.svg', true);
INSERT INTO brands (id, name, image, active) VALUES (11, 'Oppo', '/images/brands/Oppo.svg', true);
INSERT INTO brands (id, name, image, active) VALUES (12, 'Sony', '/images/brands/sony.svg', true);
INSERT INTO brands (id, name, image, active) VALUES (13, 'Xiaomi', '/images/brands/nokia.svg', true);
INSERT INTO brands (id, name, image, active) VALUES (14, 'ZTE', '/images/brands/zte.png', true);

-- ======= DEVICE TYPES =======
INSERT INTO device_types (id, name, image, active) VALUES (1, 'Móvil', '/images/devices-types/movil.svg', true);
INSERT INTO device_types (id, name, image, active) VALUES (2, 'Tablet', '/images/devices-types/tablet.svg', true);
INSERT INTO device_types (id, name, image, active) VALUES (3, 'Portátil', '/images/devices-types/laptop.svg', true);
INSERT INTO device_types (id, name, image, active) VALUES (4, 'Electrodomésticos', '/images/devices-types/electrical.svg', true);

-- ======= MODELS =======
INSERT INTO models (id, name, brand_id, device_type_id, active) VALUES (1, 'iPhone 13', 1, 1, true);
INSERT INTO models (id, name, brand_id, device_type_id, active) VALUES (2, 'Galaxy S21', 2, 1, true);
INSERT INTO models (id, name, brand_id, device_type_id, active) VALUES (3, 'iPad Pro', 1, 2, true);
INSERT INTO models (id, name, brand_id, device_type_id, active) VALUES (4, 'Modelo Huawei', 3, 1, true);
INSERT INTO models (id, name, brand_id, device_type_id, active) VALUES (5, 'Modelo BQ', 4, 1, true);
INSERT INTO models (id, name, brand_id, device_type_id, active) VALUES (6, 'Modelo Google', 5, 1, true);
INSERT INTO models (id, name, brand_id, device_type_id, active) VALUES (7, 'Modelo HTC', 6, 1, true);
INSERT INTO models (id, name, brand_id, device_type_id, active) VALUES (8, 'Modelo LG', 7, 1, true);
INSERT INTO models (id, name, brand_id, device_type_id, active) VALUES (9, 'Modelo Motorola', 8, 1, true);
INSERT INTO models (id, name, brand_id, device_type_id, active) VALUES (10, 'Modelo Nokia', 9, 1, true);
INSERT INTO models (id, name, brand_id, device_type_id, active) VALUES (11, 'Modelo OnePlus', 10, 1, true);
INSERT INTO models (id, name, brand_id, device_type_id, active) VALUES (12, 'Modelo Oppo', 11, 1, true);
INSERT INTO models (id, name, brand_id, device_type_id, active) VALUES (13, 'Modelo Sony', 12, 1, true);
INSERT INTO models (id, name, brand_id, device_type_id, active) VALUES (14, 'Modelo Xiaomi', 13, 1, true);
INSERT INTO models (id, name, brand_id, device_type_id, active) VALUES (15, 'Modelo ZTE', 14, 1, true);

-- ======= REPAIR TYPES =======
INSERT INTO repair_types (id, name, description, active) VALUES (1, 'Screen Replacement', 'Replace cracked or broken screen', true);
INSERT INTO repair_types (id, name, description, active) VALUES (2, 'Battery Replacement', 'Replace degraded battery', true);

-- ======= REPAIRS =======
INSERT INTO repairs (id, model_id, price, repair_type_id, active) VALUES (1, 1, 129.99, 1, true);
INSERT INTO repairs (id, model_id, price, repair_type_id, active) VALUES (2, 2, 89.99, 2, true);
INSERT INTO repairs (id, model_id, price, repair_type_id, active) VALUES (3, 2, 99.99, 1, true);

-- ======= ORDER STATUS =======
INSERT INTO status (id, status, active) VALUES (1, 'PENDING', true);
INSERT INTO status (id, status, active) VALUES (2, 'COLLECTING', true);
INSERT INTO status (id, status, active) VALUES (3, 'BEING_REPAIRED', true);
INSERT INTO status (id, status, active) VALUES (4, 'DELIVERING', true);
INSERT INTO status (id, status, active) VALUES (5, 'COMPLETED', true);
INSERT INTO status (id, status, active) VALUES (6, 'CANCELLED', true);

-- ======= ORDERS =======
INSERT INTO orders (id, order_number, status, user_id, active)
VALUES (1, '550e8400-e29b-41d4-a716-446655440000', 1, 1, true);

INSERT INTO orders (id, order_number, status, user_id, active)
VALUES (2, '550e8400-e29b-41d4-a716-446655440001', 5, 2, true);

-- ======= ORDER_REPAIRS =======
INSERT INTO order_repairs (order_id, repair_id) VALUES (1, 1);
INSERT INTO order_repairs (order_id, repair_id) VALUES (1, 2);
INSERT INTO order_repairs (order_id, repair_id) VALUES (2, 3);

-- ======= DELIVERY INFO (if needed later) =======
-- INSERT INTO delivery_info (id, address, city, country, postal_code)
-- VALUES (1, '123 Main St', 'New York', 'USA', '10001');
